{"stats":{"minecraft:mined":{"minecraft:grass":2},"minecraft:custom":{"minecraft:jump":59,"minecraft:time_since_rest":2363,"minecraft:damage_dealt":10,"minecraft:play_one_minute":2363,"minecraft:leave_game":1,"minecraft:sprint_one_cm":4843,"minecraft:walk_on_water_one_cm":513,"minecraft:time_since_death":2363,"minecraft:walk_one_cm":2451,"minecraft:sneak_time":15,"minecraft:walk_under_water_one_cm":248,"minecraft:swim_one_cm":1636,"minecraft:fall_one_cm":685,"minecraft:fly_one_cm":21255},"minecraft:used":{"minecraft:grass_block":3}},"DataVersion":2586}